[
  {
    "id": "1",
    "name": "Royal Blue Smartwatch",
    "slug": "royal-blue-smartwatch",
    "price": 249.99,
    "currency": "USD",
    "images": [
      "https://images.unsplash.com/photo-1516574187841-cb9cc2ca948b?w=1200&q=80"
    ],
    "rating": 4.6,
    "stock": 12,
    "category": "Wearables",
    "description": "Premium smartwatch with fitness tracking, heart-rate, and 5-day battery."
  },
  {
    "id": "2",
    "name": "Emerald Wireless Headphones",
    "slug": "emerald-wireless-headphones",
    "price": 129.99,
    "currency": "USD",
    "images": [
      "https://images.unsplash.com/photo-1518444023063-5d4b7a0f2b16?w=1200&q=80"
    ],
    "rating": 4.4,
    "stock": 30,
    "category": "Audio",
    "description": "Over-ear noise-canceling headphones with studio sound."
  },
  {
    "id": "3",
    "name": "Minimalist Leather Wallet",
    "slug": "minimalist-leather-wallet",
    "price": 39.99,
    "currency": "USD",
    "images": [
      "https://images.unsplash.com/photo-1514986888952-8cd320577b14?w=1200&q=80"
    ],
    "rating": 4.2,
    "stock": 55,
    "category": "Accessories",
    "description": "Slim leather wallet with RFID protection."
  },
  {
    "id": "4",
    "name": "Sunset Orange Backpack",
    "slug": "sunset-orange-backpack",
    "price": 89.99,
    "currency": "USD",
    "images": [
      "https://images.unsplash.com/photo-1507504031002-9d2b7f8b6d9e?w=1200&q=80"
    ],
    "rating": 4.5,
    "stock": 20,
    "category": "Bags",
    "description": "Durable water-resistant backpack for daily commute."
  }
]